Name,Hair
nm0691600_rm2884144128_1988-12-16_2005.jpg,long
nm1352900_rm3028063744_1998-7-1_2008.jpg,long
nm2172001_rm3003156480_2000-9-3_2009.jpg,long
nm2172001_rm434212608_2000-9-3_2010.jpg,long
nm3728402_rm3721842688_1994-3-26_2011.jpg,long
nm0405103_rm1588179456_1990-11-24_2009.jpg,long
nm0405103_rm3451945472_1990-11-24_2009.jpg,long
nm0231319_rm54038016_1958-4-27_1994.jpg,long
nm0189220_rm323918336_1962-3-25_2006.jpg,long
nm0182721_rm711457792_1986-8-4_2014.jpg,long
nm0187724_rm2005834496_1956-5-9_2002.jpg,long
nm0189524_rm3347418624_1960-8-25_2006.jpg,long
nm0194241_rm3033438464_1976-8-8_2006.jpg,long
nm0194241_rm967167488_1976-8-8_2011.jpg,long
nm0193846_rm1526315008_1982-11-30_2011.jpg,long
nm0188050_rm1915533824_1934-2-23_1974.jpg,long
nm0197453_rm2565117952_1965-12-26_2005.jpg,long
nm0187460_rm2085926400_1971-2-1_2011.jpg,long
nm0187460_rm46105344_1971-2-1_2009.jpg,long
nm0211087_rm2392100608_1981-12-27_2004.jpg,long
nm0209289_rm3733369344_1984-9-3_2011.jpg,long
nm0001595_rm1443466752_1958-10-9_1989.jpg,long
nm0121895_rm629658624_1981-6-30_2014.jpg,long
nm0000596_rm519605504_1947-6-1_2006.jpg,long
nm0437596_rm2461184_1944-12-16_1991.jpg,long
nm0760796_rm1985600768_1960-10-12_2013.jpg,long
nm0760796_rm447384832_1960-10-12_2003.jpg,long
nm1318596_rm697040128_1974-1-10_2014.jpg,long
nm2957696_rm1395504896_1985-7-5_2011.jpg,long
nm0000397_rm3896553472_1971-7-16_2010.jpg,long
nm0001597_rm3784344576_1952-11-30_1987.jpg,long
nm0141697_rm4081031168_1948-8-19_2007.jpg,long
nm0355097_rm900105472_1961-7-14_2010.jpg,long
nm0584297_rm1980927744_1963-3-15_2004.jpg,long
nm0765597_rm3633679360_1971-3-7_2004.jpg,long
nm0803397_rm961329152_1973-0-0_2011.jpg,long
nm1510097_rm2897117184_1975-3-17_2010.jpg,long
nm0001298_rm3590239744_1965-3-23_2012.jpg,long
nm0088098_rm2635962112_1975-2-8_2008.jpg,long
nm0281598_rm1383373568_1965-12-30_2008.jpg,long
nm0936198_rm1967444736_1962-6-23_1987.jpg,long
nm1440298_rm3797523200_1975-7-14_2005.jpg,long
nm1578798_rm981776384_1972-2-1_2011.jpg,long
nm0590499_rm2093325056_1965-9-27_2005.jpg,long
nm0693799_rm3564086528_1973-1-26_2012.jpg,long
nm0708499_rm2320079616_1952-7-15_2005.jpg,long
nm0943699_rm3117852672_1976-8-22_2009.jpg,long
nm1245099_rm3672292352_1984-9-27_2011.jpg,long
nm1555699_rm719567872_1986-10-7_2011.jpg,long
nm2273799_rm3258625280_1982-9-30_2013.jpg,long
nm0927600_rm2799405568_1928-9-30_2008.jpg,short
nm0428201_rm4189034752_1988-7-21_1998.jpg,short
nm0000201_rm3510553600_1958-4-29_1985.jpg,short
nm1134702_rm3773926400_1998-7-24_2010.jpg,short
nm7220003_rm3297097728_1946-0-0_2012.jpg,short
nm0922307_rm2788603904_1936-0-0_2008.jpg,short
nm5590913_rm1294532352_2003-9-11_2015.jpg,short
nm0915814_rm1330613504_1976-4-9_2011.jpg,short
nm6216817_rm1656941056_1994-5-24_2015.jpg,short
nm0924918_rm3939997952_1976-11-27_2006.jpg,short
nm3974825_rm2077226496_1974-2-21_2015.jpg,short
nm0926235_rm999149056_1921-10-1_1970.jpg,short
nm4952442_rm2465773312_1973-8-5_2012.jpg,short
nm5831542_rm1980223488_1985-4-10_2013.jpg,short
nm3599060_rm654964992_1974-2-4_2013.jpg,short
nm0915465_rm39890176_1971-1-19_2013.jpg,short
nm0925768_rm1096191744_1958-5-17_2010.jpg,short
nm0925768_rm1616350976_1958-5-17_2010.jpg,short
nm0926368_rm2933361920_1937-2-17_2000.jpg,short
nm0919369_rm3490053120_1965-11-19_2015.jpg,short
nm0920169_rm4221292032_1951-12-10_2014.jpg,short
nm5209475_rm1364110080_1988-8-7_2012.jpg,short
nm5473782_rm3950569984_1989-11-10_2015.jpg,short
nm5473782_rm3991993344_1989-11-10_2014.jpg,short
nm0926086_rm2378480896_1954-9-13_2010.jpg,short
nm0923490_rm3678113280_1964-5-19_1995.jpg,short
nm3982894_rm2592257024_1987-10-14_2012.jpg,short
nm0875696_rm3167939072_1960-2-8_2015.jpg,short
nm0429197_rm4093955072_1966-9-22_2007.jpg,short
nm0507097_rm310298624_1961-8-13_1987.jpg,short
nm0000207_rm3675359488_1980-2-12_2009.jpg,short
nm1900397_rm1741793792_1975-3-18_2012.jpg,short
nm0169998_rm198243840_1972-9-17_2015.jpg,short
nm0207498_rm3433666816_1970-12-20_2002.jpg,short
nm0454598_rm1731696640_1962-8-21_2003.jpg,short
nm0532298_rm3151267072_1939-4-1_1978.jpg,short
nm0594898_rm770936576_1967-12-11_2010.jpg,short
nm3091498_rm366268672_1980-9-1_2014.jpg,short
nm3568698_rm4170493440_1986-12-11_2012.jpg,short
nm5904498_rm467137024_2005-2-23_2013.jpg,short
nm0000099_rm1363708160_1968-4-8_2009.jpg,short
nm0000599_rm2364512000_1954-11-19_2008.jpg,short
nm0001399_rm610975232_1967-4-26_2011.jpg,short
nm0001499_rm1949221120_1985-2-7_2014.jpg,short
nm0005099_rm797677568_1973-6-1_2002.jpg,short
nm0005299_rm874968320_1974-12-17_2011.jpg,short
nm0363699_rm1672844800_1979-5-26_2007.jpg,short
nm0556399_rm4155767296_1921-2-22_1965.jpg,short
nm0567599_rm2389945088_1895-9-13_1969.jpg,short
nm0892299_rm29918464_1975-10-23_2007.jpg,short
